{
  "intent": {
    "accuracy": 0.9285714285714286,
    "correct": 39,
    "total": 42,
    "per_class": {
      "ALTERNATIVE": {
        "precision": 0.9375,
        "recall": 1.0,
        "f1": 0.967741935483871,
        "support": 15
      },
      "FEEDBACK_NEG": {
        "precision": 1.0,
        "recall": 0.875,
        "f1": 0.9333333333333333,
        "support": 8
      },
      "FEEDBACK_POS": {
        "precision": 0.8571428571428571,
        "recall": 0.8571428571428571,
        "f1": 0.8571428571428571,
        "support": 7
      },
      "OTHER": {
        "precision": 0.0,
        "recall": 0.0,
        "f1": 0.0,
        "support": 0
      },
      "RECOMMEND": {
        "precision": 1.0,
        "recall": 1.0,
        "f1": 1.0,
        "support": 7
      },
      "SMALLTALK": {
        "precision": 1.0,
        "recall": 0.8,
        "f1": 0.888888888888889,
        "support": 5
      }
    },
    "macro_avg": {
      "precision": 0.7991071428571428,
      "recall": 0.755357142857143,
      "f1": 0.7745178358081585
    },
    "weighted_avg": {
      "precision": 0.9538690476190477,
      "recall": 0.9285714285714286,
      "f1": 0.9387438129373613
    },
    "by_difficulty": {
      "easy": 0.96,
      "medium": 1.0,
      "hard": 0.6
    },
    "latency": {
      "mean_ms": 709.0007770000825,
      "p50_ms": 676.3916840027377,
      "p95_ms": 918.9682680007536,
      "max_ms": 1330.9856060004677
    },
    "tokens": {
      "input": 17981,
      "output": 422
    },
    "confusion_matrix": {
      "classes": [
        "ALTERNATIVE",
        "FEEDBACK_NEG",
        "FEEDBACK_POS",
        "OTHER",
        "RECOMMEND",
        "SMALLTALK"
      ],
      "matrix": [
        [
          15,
          0,
          0,
          0,
          0,
          0
        ],
        [
          1,
          7,
          0,
          0,
          0,
          0
        ],
        [
          0,
          0,
          6,
          1,
          0,
          0
        ],
        [
          0,
          0,
          0,
          0,
          0,
          0
        ],
        [
          0,
          0,
          0,
          0,
          7,
          0
        ],
        [
          0,
          0,
          1,
          0,
          0,
          4
        ]
      ]
    }
  },
  "extraction": {
    "perfect_cases": 10,
    "total_cases": 12,
    "perfect_rate": 0.8333333333333334,
    "field_hit_rate": 0.9642857142857143,
    "total_hallucinations": 2,
    "total_invalid_values": 0,
    "per_field_accuracy": {
      "ProgramType": 1.0,
      "ProgramGenre": 0.8333333333333334,
      "ProgramDuration": 1.0,
      "UserAge": 1.0,
      "UserGender": 1.0,
      "HouseholdType": 1.0,
      "TimeOfDay": 1.0,
      "DayType": 1.0
    },
    "latency": {
      "mean_ms": 1241.4303304173397,
      "p50_ms": 1081.2258009973448,
      "p95_ms": 1607.8199280018453,
      "max_ms": 2361.8267550009477
    },
    "tokens": {
      "input": 6491,
      "output": 762
    }
  }
}